{"1": {"1": [[1176.078125, 320.0, 1407.015625, 390.0], [1439.984375, 320.0, 1538.96875, 390.0], [1571.9375, 320.0, 1604.9375, 390.0], [1637.921875, 320.0, 1802.875, 390.0]], "2": [[1571.9375, 320.0, 1670.921875, 390.0], [1703.890625, 320.0, 1769.890625, 390.0], [1802.859375, 320.0, 2198.734375, 390.0]], "3": [[846.1875, 587.0, 1308.046875, 657.0], [1341.015625, 587.0, 1472.984375, 657.0], [1505.953125, 587.0, 1703.90625, 657.0]], "4": [[235.90625, 727.0, 433.84375, 797.0], [466.828125, 727.0, 763.734375, 797.0], [796.703125, 727.0, 1060.625, 797.0], [1093.609375, 727.0, 1225.5625, 797.0]], "5": [[1522.453125, 320.0, 1654.421875, 390.0]], "6": [[1291.53125, 587.0, 1456.484375, 657.0], [1489.46875, 587.0, 1819.359375, 657.0]], "7": [[1093.609375, 320.0, 1324.53125, 390.0], [1357.515625, 320.0, 1621.421875, 390.0]], "8": [[1093.609375, 390.0, 1192.59375, 460.0], [1225.5625, 390.0, 1489.484375, 460.0], [1522.453125, 390.0, 1885.34375, 460.0], [1918.3125, 390.0, 2281.203125, 460.0]], "9": [[285.390625, 320.0, 483.34375, 390.0], [516.3125, 320.0, 714.25, 390.0], [747.234375, 320.0, 1011.15625, 390.0]], "10": [[1159.59375, 320.0, 1225.578125, 390.0], [1258.546875, 320.0, 1324.546875, 390.0], [1357.515625, 320.0, 1390.515625, 390.0], [1423.5, 320.0, 1555.453125, 390.0], [1588.4375, 320.0, 1720.40625, 390.0]]}, "2": {"1": [[1439.984375, 587.0, 1472.984375, 657.0], [1505.953125, 587.0, 1670.90625, 657.0], [1703.890625, 587.0, 1868.84375, 657.0], [1901.8125, 587.0, 2132.75, 657.0]], "2": [[2132.734375, 587.0, 2561.59375, 657.0]], "3": [[120.46875, 727.0, 219.4375, 797.0], [252.421875, 727.0, 516.328125, 797.0], [549.3125, 727.0, 813.234375, 797.0], [2132.75, 727.0, 2429.65625, 797.0], [2462.625, 727.0, 2759.53125, 797.0], [483.328125, 797.0, 747.234375, 867.0]], "4": [[862.703125, 320.0, 1258.5625, 390.0], [1291.546875, 320.0, 1423.515625, 390.0], [1456.484375, 320.0, 1720.40625, 390.0], [1753.375, 320.0, 2017.296875, 390.0]], "5": [[1044.125, 587.0, 1110.125, 657.0], [1143.09375, 587.0, 1407.015625, 657.0], [1439.984375, 587.0, 1802.875, 657.0], [1835.84375, 587.0, 1868.84375, 657.0], [1901.828125, 587.0, 2264.703125, 657.0], [2297.6875, 587.0, 2462.640625, 657.0], [2495.609375, 587.0, 2726.546875, 657.0]], "6": [[1093.609375, 320.0, 1423.515625, 390.0], [1456.484375, 320.0, 1489.484375, 390.0], [1522.46875, 320.0, 1885.34375, 390.0]], "7": [[1670.90625, 587.0, 1802.875, 657.0]], "8": [[912.1875, 320.0, 978.171875, 390.0], [1011.140625, 320.0, 1341.046875, 390.0], [1374.015625, 320.0, 1407.015625, 390.0], [1440.0, 320.0, 1670.921875, 390.0], [1703.90625, 320.0, 1967.8125, 390.0]], "9": [[1044.140625, 390.0, 1473.0, 460.0], [1505.96875, 390.0, 1835.859375, 460.0]], "10": [[1604.921875, 727.0, 1670.921875, 797.0], [1703.890625, 727.0, 2000.796875, 797.0], [2033.78125, 727.0, 2198.734375, 797.0], [2231.703125, 727.0, 2528.609375, 797.0]]}, "4": {"1": [[961.65625, 587.0, 1126.609375, 657.0], [1225.5625, 587.0, 1489.46875, 657.0], [1522.453125, 587.0, 1918.328125, 657.0]], "2": [[1703.890625, 460.0, 2000.796875, 530.0], [2033.78125, 460.0, 2066.78125, 530.0], [2099.75, 460.0, 2396.65625, 530.0], [2429.640625, 460.0, 2627.578125, 530.0], [2660.5625, 460.0, 2726.546875, 530.0], [1192.578125, 530.0, 1522.46875, 600.0], [1555.4375, 530.0, 1687.40625, 600.0]], "3": [[1407.0, 1007.0, 1703.90625, 1077.0], [1736.875, 1007.0, 1934.828125, 1077.0], [1967.796875, 1007.0, 2165.734375, 1077.0]], "4": [[1110.109375, 797.0, 1275.0625, 867.0], [1308.03125, 797.0, 1505.96875, 867.0], [1538.953125, 797.0, 1769.875, 867.0]], "5": [[1225.5625, 320.0, 1456.484375, 390.0]], "6": [[334.875, 937.0, 499.828125, 1007.0], [532.796875, 937.0, 862.703125, 1007.0], [895.671875, 937.0, 1060.625, 1007.0], [1093.609375, 937.0, 1324.53125, 1007.0]], "7": [[994.640625, 320.0, 1258.5625, 390.0], [1291.546875, 320.0, 1786.375, 390.0]], "8": [[565.796875, 657.0, 829.71875, 727.0]], "9": [[103.96875, 867.0, 136.96875, 937.0], [169.9375, 867.0, 400.875, 937.0], [433.84375, 867.0, 598.796875, 937.0], [631.78125, 867.0, 862.703125, 937.0], [895.6875, 867.0, 1159.59375, 937.0], [1192.578125, 867.0, 1555.453125, 937.0], [1588.4375, 867.0, 1852.359375, 937.0]], "10": [[978.140625, 320.0, 1077.125, 390.0], [1110.09375, 320.0, 1275.046875, 390.0], [1308.03125, 320.0, 1670.90625, 390.0], [56.0, 979.0, 127.171875, 1023.0]]}, "5": {"1": [[1390.5, 797.0, 1654.421875, 867.0], [1687.390625, 797.0, 2050.28125, 867.0]], "2": [[1324.53125, 727.0, 1489.484375, 797.0], [1225.5625, 727.0, 1291.5625, 797.0], [1522.46875, 727.0, 1786.375, 797.0]], "3": [[1984.296875, 390.0, 2083.28125, 460.0], [2116.25, 390.0, 2182.234375, 460.0], [2215.21875, 390.0, 2479.140625, 460.0], [2512.109375, 390.0, 2677.0625, 460.0], [2710.046875, 390.0, 2809.015625, 460.0], [1258.5625, 460.0, 1489.484375, 530.0], [1522.46875, 460.0, 1621.4375, 530.0]], "4": [[2512.109375, 727.0, 2611.078125, 797.0], [862.703125, 797.0, 1390.515625, 867.0]], "5": [[318.390625, 390.0, 714.265625, 460.0], [747.234375, 390.0, 912.1875, 460.0], [945.171875, 390.0, 1275.0625, 460.0]], "6": [[912.171875, 390.0, 1143.09375, 460.0], [2264.6875, 390.0, 2297.6875, 460.0], [2330.671875, 390.0, 2528.609375, 460.0], [2561.578125, 390.0, 2693.546875, 460.0]], "7": [[730.734375, 390.0, 1192.578125, 460.0], [1225.5625, 390.0, 1258.5625, 460.0], [1291.53125, 390.0, 1423.5, 460.0], [1720.390625, 460.0, 2050.28125, 530.0], [2083.265625, 460.0, 2347.171875, 530.0]], "8": [[1407.0, 727.0, 1802.875, 797.0], [1835.859375, 727.0, 2165.75, 797.0], [648.28125, 797.0, 1143.109375, 867.0], [1374.015625, 797.0, 1440.0, 867.0], [1472.984375, 797.0, 1637.9375, 867.0], [1670.90625, 797.0, 1802.875, 867.0], [1835.859375, 797.0, 2000.8125, 867.0], [2033.78125, 797.0, 2231.71875, 867.0]], "9": [[54.484375, 797.0, 87.484375, 867.0], [120.453125, 797.0, 318.390625, 867.0], [351.375, 797.0, 549.3125, 867.0], [582.296875, 797.0, 945.171875, 867.0], [334.875, 867.0, 367.875, 937.0], [400.859375, 867.0, 532.828125, 937.0], [1291.546875, 867.0, 1786.375, 937.0]], "10": [[384.375, 460.0, 483.34375, 530.0], [516.328125, 460.0, 615.296875, 530.0], [648.28125, 460.0, 978.171875, 530.0], [1011.140625, 460.0, 1044.140625, 530.0], [1077.125, 460.0, 1242.078125, 530.0], [1275.046875, 460.0, 1604.953125, 530.0], [1637.921875, 460.0, 1670.921875, 530.0], [1703.90625, 460.0, 2066.78125, 530.0], [2099.765625, 460.0, 2198.734375, 530.0], [2231.71875, 460.0, 2396.671875, 530.0], [2429.640625, 460.0, 2561.609375, 530.0], [2594.578125, 460.0, 2759.53125, 530.0], [1275.046875, 530.0, 1604.9375, 600.0]]}, "6": {"1": [[2330.671875, 320.0, 2363.671875, 390.0], [2396.65625, 320.0, 2693.5625, 390.0], [2726.53125, 320.0, 2759.53125, 390.0], [1324.53125, 390.0, 1555.453125, 460.0]], "2": [[2149.234375, 727.0, 2446.140625, 797.0]], "3": [[103.96875, 390.0, 367.875, 460.0], [400.859375, 390.0, 664.78125, 460.0], [697.75, 390.0, 730.75, 460.0], [763.734375, 390.0, 1027.640625, 460.0]], "4": [[1011.140625, 460.0, 1308.046875, 530.0], [1341.03125, 460.0, 1769.890625, 530.0]], "5": [[1291.53125, 797.0, 1522.46875, 867.0]], "6": [[2083.265625, 727.0, 2149.25, 797.0], [2182.234375, 727.0, 2413.15625, 797.0], [2446.140625, 727.0, 2677.0625, 797.0], [2710.046875, 727.0, 2809.015625, 797.0], [1192.578125, 797.0, 1357.53125, 867.0], [1390.5, 797.0, 1687.40625, 867.0]], "7": [[1308.046875, 587.0, 1374.03125, 657.0], [1407.0, 587.0, 1538.96875, 657.0], [1571.953125, 587.0, 1901.84375, 657.0]], "8": [[2116.25, 460.0, 2413.15625, 530.0], [879.1875, 600.0, 1011.140625, 670.0], [1044.125, 600.0, 1143.09375, 670.0], [1176.078125, 600.0, 1242.0625, 670.0], [1275.046875, 600.0, 1472.984375, 670.0], [1505.953125, 600.0, 1571.953125, 670.0]], "9": [[2380.15625, 390.0, 2776.03125, 460.0], [681.265625, 460.0, 879.203125, 530.0], [912.171875, 460.0, 1077.125, 530.0], [1110.109375, 460.0, 1308.046875, 530.0]],