{"1": {"1": [[1439.984375, 320.0, 1538.96875, 390.0], [1571.9375, 320.0, 1604.9375, 390.0], [1637.921875, 320.0, 1802.875, 390.0]], "2": [[1571.9375, 320.0, 1670.921875, 390.0], [1703.890625, 320.0, 1769.890625, 390.0], [1802.859375, 320.0, 2198.734375, 390.0]], "3": [[846.1875, 587.0, 1308.046875, 657.0], [1341.015625, 587.0, 1472.984375, 657.0], [1505.953125, 587.0, 1703.90625, 657.0]], "4": [[235.90625, 727.0, 433.84375, 797.0], [466.828125, 727.0, 763.734375, 797.0], [796.703125, 727.0, 1060.625, 797.0], [1093.609375, 727.0, 1225.5625, 797.0]], "5": [[1258.546875, 587.0, 1357.515625, 657.0], [1390.5, 587.0, 1555.453125, 657.0], [1588.421875, 587.0, 1654.421875, 657.0], [1687.390625, 587.0, 1918.328125, 657.0]], "6": [[1060.625, 587.0, 1093.625, 657.0], [1126.59375, 587.0, 1258.5625, 657.0], [1291.53125, 587.0, 1456.484375, 657.0], [1489.46875, 587.0, 1819.359375, 657.0]], "7": [[1093.609375, 320.0, 1324.53125, 390.0], [1357.515625, 320.0, 1621.421875, 390.0], [1654.40625, 320.0, 1786.375, 390.0]], "8": [[1522.453125, 390.0, 1885.34375, 460.0], [1918.3125, 390.0, 2281.203125, 460.0]], "9": [[186.4375, 320.0, 252.421875, 390.0], [285.390625, 320.0, 483.34375, 390.0], [516.3125, 320.0, 714.25, 390.0], [747.234375, 320.0, 1011.15625, 390.0], [1044.125, 320.0, 1110.109375, 390.0], [1143.09375, 320.0, 1275.0625, 390.0]], "10": [[1275.046875, 587.0, 1341.03125, 657.0], [1374.0, 587.0, 1604.9375, 657.0]]}, "2": {"1": [[1439.984375, 587.0, 1472.984375, 657.0], [1505.953125, 587.0, 1670.90625, 657.0], [1703.890625, 587.0, 1868.84375, 657.0], [1901.8125, 587.0, 2132.75, 657.0]], "2": [[2132.734375, 587.0, 2561.59375, 657.0]], "3": [[1291.546875, 390.0, 1720.40625, 460.0]], "4": [[862.703125, 320.0, 1258.5625, 390.0], [1291.546875, 320.0, 1423.515625, 390.0], [1456.484375, 320.0, 1720.40625, 390.0], [1753.375, 320.0, 2017.296875, 390.0]], "5": [[153.453125, 587.0, 450.359375, 657.0], [483.328125, 587.0, 747.25, 657.0]], "6": [[1209.0625, 587.0, 1407.015625, 657.0]], "7": [[1670.90625, 587.0, 1802.875, 657.0]], "8": [[697.75, 587.0, 763.734375, 657.0], [796.703125, 587.0, 1126.609375, 657.0], [1159.578125, 587.0, 1192.578125, 657.0], [1225.5625, 587.0, 1456.484375, 657.0], [1489.46875, 587.0, 1720.390625, 657.0], [1753.375, 587.0, 1786.375, 657.0], [1819.34375, 587.0, 2182.234375, 657.0]], "9": [[2231.703125, 320.0, 2693.546875, 390.0], [1044.140625, 390.0, 1473.0, 460.0], [1505.96875, 390.0, 1835.859375, 460.0]], "10": [[1604.921875, 727.0, 1670.921875, 797.0], [1703.890625, 727.0, 2000.796875, 797.0], [2033.78125, 727.0, 2198.734375, 797.0], [2231.703125, 727.0, 2528.609375, 797.0]]}, "3": {"1": [[846.203125, 320.0, 1011.15625, 390.0], [1044.140625, 320.0, 1341.046875, 390.0]], "2": [[54.484375, 320.0, 153.453125, 390.0], [186.4375, 320.0, 516.328125, 390.0], [549.296875, 320.0, 615.296875, 390.0], [648.265625, 320.0, 780.234375, 390.0], [2132.734375, 320.0, 2165.734375, 390.0], [2198.71875, 320.0, 2495.625, 390.0], [2528.59375, 320.0, 2825.5, 390.0]], "3": [[994.65625, 587.0, 1027.65625, 657.0], [1060.625, 587.0, 1291.5625, 657.0], [1324.53125, 587.0, 1522.46875, 657.0], [1555.453125, 587.0, 1654.421875, 657.0], [1687.40625, 587.0, 1885.34375, 657.0]], "4": [[1918.328125, 320.0, 1984.3125, 390.0], [2017.28125, 320.0, 2116.265625, 390.0], [2149.234375, 320.0, 2248.21875, 390.0], [2281.1875, 320.0, 2479.140625, 390.0], [2512.109375, 320.0, 2611.09375, 390.0], [2644.0625, 320.0, 2677.0625, 390.0], [1044.140625, 390.0, 1473.0, 460.0], [1505.96875, 390.0, 1538.96875, 460.0], [1571.953125, 390.0, 1835.859375, 460.0]], "5": [[2116.234375, 867.0, 2347.171875, 937.0], [2380.140625, 867.0, 2545.09375, 937.0], [2578.078125, 867.0, 2842.0, 937.0], [912.1875, 937.0, 1143.109375, 1007.0]], "6": [[1225.5625, 390.0, 1324.546875, 460.0], [1357.515625, 390.0, 1621.4375, 460.0]], "7": [[400.859375, 320.0, 499.828125, 390.0], [532.8125, 320.0, 631.78125, 390.0], [664.765625, 320.0, 928.671875, 390.0]], "8": [[301.890625, 320.0, 466.84375, 390.0], [499.8125, 320.0, 598.796875, 390.0], [631.765625, 320.0, 1093.609375, 390.0]], "9": [[1225.5625, 797.0, 1258.5625, 867.0], [961.65625, 797.0, 1192.59375, 867.0], [1291.546875, 797.0, 1555.46875, 867.0], [1588.4375, 797.0, 1621.4375, 867.0], [1654.421875, 797.0, 1852.359375, 867.0], [1885.328125, 797.0, 1984.3125, 867.0], [2017.28125, 797.0, 2281.203125, 867.0]], "10": [[2099.75, 727.0, 2264.703125, 797.0]]}, "4": {"1": [[1225.5625, 587.0, 1489.46875, 657.0], [1522.453125, 587.0, 1918.328125, 657.0]], "2": [[879.1875, 460.0, 1143.109375, 530.0]], "3": [[1637.921875, 867.0, 1802.875, 937.0], [1835.859375, 867.0, 2000.8125, 937.0], [1341.015625, 1007.0, 1374.015625, 1077.0], [1407.0, 1007.0, 1703.90625, 1077.0], [1736.875, 1007.0, 1934.828125, 1077.0], [1967.796875, 1007.0, 2165.734375, 1077.0]], "4": [[1110.109375, 797.0, 1275.0625, 867.0], [1308.03125, 797.0, 1505.96875, 867.0], [1538.953125, 797.0, 1769.875, 867.0]], "5": [[961.65625, 320.0, 1192.578125, 390.0], [1225.5625, 320.0, 1456.484375, 390.0]], "6": [[1637.921875, 867.0, 1901.84375, 937.0], [334.875, 937.0, 499.828125, 1007.0], [532.796875, 937.0, 862.703125, 1007.0], [895.671875, 937.0, 1060.625, 1007.0], [1093.609375, 937.0, 1324.53125, 1007.0]], "7": [[367.875, 320.0, 796.734375, 390.0], [829.703125, 320.0, 961.671875, 390.0], [994.640625, 320.0, 1258.5625, 390.0], [1291.546875, 320.0, 1786.375, 390.0], [1819.359375, 320.0, 1885.34375, 390.0], [1918.3125, 320.0, 2017.296875, 390.0], [2050.265625, 320.0, 2149.25, 390.0], [2182.21875, 320.0, 2248.21875, 390.0], [2281.1875, 320.0, 2512.125, 390.0]], "8": [[565.796875, 657.0, 829.71875, 727.0]], "9": [[1538.953125, 797.0, 1604.9375, 867.0], [1637.921875, 797.0, 1769.890625, 867.0], [1802.859375, 797.0, 2132.75, 867.0], [2165.734375, 797.0, 2495.625, 867.0], [2528.609375, 797.0, 2858.5, 867.0], [103.96875, 867.0, 136.96875, 937.0], [169.9375, 867.0, 400.875, 937.0]], "10": [[1901.8125, 320.0, 2099.765625, 390.0], [2132.734375, 320.0, 2528.609375, 390.0]]}, "5": {"1": [[1390.5, 797.0, 1654.421875, 867.0], [1687.390625, 797.0, 2050.28125, 867.0]], "2": [[1522.46875, 727.0, 1786.375, 797.0]], "3": [[2264.703125, 727.0, 2495.625, 797.0], [2528.609375, 727.0, 2627.578125, 797.0], [2660.5625, 727.0, 2759.53125, 797.0], [1192.578125, 797.0, 1489.484375, 867.0], [1522.453125, 797.0, 1687.40625, 867.0]], "4": [[2512.109375, 727.0, 2611.078125, 797.0], [862.703125, 797.0, 1390.515625, 867.0]], "5": [[21.5, 390.0, 120.46875, 460.0], [153.453125, 390.0, 285.40625, 460.0], [318.390625, 390.0, 714.265625, 460.0], [747.234375, 390.0, 912.1875, 460.0], [945.171875, 390.0, 1275.0625, 460.0], [1308.03125, 390.0, 1736.890625, 460.0]], "6": [[912.171875, 390.0, 1143.09375, 460.0], [2330.671875, 390.0, 2528.609375, 460.0], [2561.578125, 390.0, 2693.546875, 460.0]], "7": [[730.734375, 390.0, 1192.578125, 460.0]], "8": [[2528.609375, 727.0, 2627.578125, 797.0], [648.28125, 797.0, 1143.109375, 867.0], [1242.0625, 797.0, 1341.046875, 867.0], [1374.015625, 797.0, 1440.0, 867.0], [1472.984375, 797.0, 1637.9375, 867.0], [1670.90625, 797.0, 1802.875, 867.0], [1835.859375, 797.0, 2000.8125, 867.0], [2033.78125, 797.0, 2231.71875, 867.0]], "9": [[37.984375, 390.0, 70.984375, 460.0], [103.953125, 390.0, 334.890625, 460.0], [367.859375, 390.0, 565.796875, 460.0], [598.78125, 390.0, 796.71875, 460.0], [829.703125, 390.0, 1192.578125, 460.0], [1538.953125, 460.0, 1901.828125, 530.0], [1934.8125, 460.0, 2132.75, 530.0]], "10": [[87.46875, 797.0, 384.375, 867.0], [417.34375, 797.0, 681.265625, 867.0], [714.234375, 797.0, 912.1875, 867.0], [945.15625, 797.0, 1440.0, 867.0]]}, "7": {"1": [[1522.453125, 320.0, 1852.359375, 390.0], [1885.328125, 320.0, 1951.3125, 390.0]], "2": [[1786.375, 867.0, 2050.28125, 937.0], [2083.265625, 867.0, 2347.1875, 937.0]], "3": [[779.71875, 530.0, 1043.640625, 600.0], [1076.609375, 530.0, 1274.546875, 600.0], [1802.359375, 740.0, 2231.21875, 810.0]],