{"1": {"1": [[1176.078125, 320.0, 1407.015625, 390.0], [1439.984375, 320.0, 1538.96875, 390.0], [1571.9375, 320.0, 1604.9375, 390.0], [1637.921875, 320.0, 1802.875, 390.0]], "2": [[1703.890625, 320.0, 1769.890625, 390.0], [1802.859375, 320.0, 2198.734375, 390.0]], "3": [[846.1875, 587.0, 1308.046875, 657.0], [1341.015625, 587.0, 1472.984375, 657.0], [1505.953125, 587.0, 1703.90625, 657.0], [2099.75, 587.0, 2396.65625, 657.0]], "4": [[466.828125, 727.0, 763.734375, 797.0], [796.703125, 727.0, 1060.625, 797.0]], "5": [[1522.453125, 320.0, 1654.421875, 390.0]], "6": [[1489.46875, 587.0, 1819.359375, 657.0]], "7": [[1324.515625, 587.0, 1621.421875, 657.0]], "8": [[1522.453125, 390.0, 1885.34375, 460.0]], "9": [[516.3125, 320.0, 714.25, 390.0]], "10": [[1275.046875, 587.0, 1341.03125, 657.0], [1374.0, 587.0, 1604.9375, 657.0]]}, "2": {"1": [[1439.984375, 587.0, 1472.984375, 657.0], [1505.953125, 587.0, 1670.90625, 657.0], [1703.890625, 587.0, 1868.84375, 657.0], [1901.8125, 587.0, 2132.75, 657.0]], "2": [[2165.71875, 320.0, 2660.5625, 390.0]], "3": [[2462.625, 727.0, 2759.53125, 797.0], [483.328125, 797.0, 747.234375, 867.0]], "4": [[1027.640625, 587.0, 1225.578125, 657.0]], "5": [[153.453125, 587.0, 450.359375, 657.0]], "6": [[1093.609375, 320.0, 1423.515625, 390.0], [1456.484375, 320.0, 1489.484375, 390.0], [1522.46875, 320.0, 1885.34375, 390.0]], "7": [[1670.90625, 587.0, 1802.875, 657.0]], "8": [[1440.0, 320.0, 1670.921875, 390.0], [1703.90625, 320.0, 1967.8125, 390.0]], "9": [[285.390625, 320.0, 681.265625, 390.0]], "10": [[318.390625, 727.0, 582.296875, 797.0], [1604.921875, 727.0, 1670.921875, 797.0], [1703.890625, 727.0, 2000.796875, 797.0], [2033.78125, 727.0, 2198.734375, 797.0], [2231.703125, 727.0, 2528.609375, 797.0]]}, "3": {"1": [[846.203125, 320.0, 1011.15625, 390.0], [1440.0, 320.0, 1505.984375, 390.0], [1538.953125, 320.0, 1637.9375, 390.0], [1670.90625, 320.0, 2000.8125, 390.0]], "2": [[1077.109375, 320.0, 1143.109375, 390.0], [1176.078125, 320.0, 1374.015625, 390.0]], "3": [[1324.53125, 587.0, 1522.46875, 657.0], [1555.453125, 587.0, 1654.421875, 657.0], [1687.40625, 587.0, 1885.34375, 657.0]], "4": [[2512.109375, 320.0, 2611.09375, 390.0], [2644.0625, 320.0, 2677.0625, 390.0], [1044.140625, 390.0, 1473.0, 460.0]], "5": [[70.984375, 797.0, 235.9375, 867.0], [268.90625, 797.0, 598.796875, 867.0], [631.78125, 797.0, 895.703125, 867.0], [928.671875, 797.0, 1324.546875, 867.0], [1357.515625, 797.0, 1390.515625, 867.0], [1423.5, 797.0, 1720.40625, 867.0], [2380.15625, 797.0, 2578.09375, 867.0], [2578.078125, 867.0, 2842.0, 937.0], [912.1875, 937.0, 1143.109375, 1007.0]], "6": [[70.984375, 390.0, 235.9375, 460.0], [1357.515625, 390.0, 1621.4375, 460.0], [895.6875, 460.0, 1093.625, 530.0], [1126.59375, 460.0, 1258.5625, 530.0]], "7": [[961.65625, 320.0, 1060.625, 390.0]], "8": [[499.8125, 320.0, 598.796875, 390.0]], "9": [[1802.859375, 460.0, 2000.796875, 530.0], [2033.765625, 460.0, 2132.75, 530.0], [2165.71875, 460.0, 2396.65625, 530.0]], "10": [[1687.390625, 390.0, 1984.296875, 460.0]]}, "4": {"1": [[961.65625, 587.0, 1126.609375, 657.0], [1225.5625, 587.0, 1489.46875, 657.0], [1522.453125, 587.0, 1918.328125, 657.0]], "2": [[450.34375, 390.0, 648.28125, 460.0], [879.1875, 460.0, 1143.109375, 530.0], [1192.578125, 530.0, 1522.46875, 600.0]], "3": [[714.25, 1007.0, 879.203125, 1077.0], [1407.0, 1007.0, 1703.90625, 1077.0], [1736.875, 1007.0, 1934.828125, 1077.0], [1967.796875, 1007.0, 2165.734375, 1077.0]], "4": [[1110.109375, 797.0, 1275.0625, 867.0], [1308.03125, 797.0, 1505.96875, 867.0], [1538.953125, 797.0, 1769.875, 867.0]], "5": [[1225.5625, 320.0, 1456.484375, 390.0], [1489.46875, 320.0, 1555.453125, 390.0], [1588.421875, 320.0, 1753.375, 390.0]], "6": [[1637.921875, 867.0, 1901.84375, 937.0], [334.875, 937.0, 499.828125, 1007.0], [2611.0625, 937.0, 2842.0, 1007.0]], "7": [[994.640625, 320.0, 1258.5625, 390.0], [1291.546875, 320.0, 1786.375, 390.0]], "8": [[565.796875, 657.0, 829.71875, 727.0]], "9": [[1176.078125, 390.0, 1341.03125, 460.0], [1374.015625, 390.0, 1670.921875, 460.0], [1703.890625, 390.0, 1736.890625, 460.0], [1769.875, 390.0, 2165.75, 460.0], [2198.71875, 390.0, 2462.640625, 460.0]], "10": [[978.140625, 320.0, 1077.125, 390.0], [1110.09375, 320.0, 1275.046875, 390.0], [1308.03125, 320.0, 1670.90625, 390.0]]}, "5": {"1": [[1522.453125, 460.0, 1918.328125, 530.0]], "2": [[1225.5625, 390.0, 1291.5625, 460.0], [1522.46875, 390.0, 1885.34375, 460.0], [1918.328125, 390.0, 2116.265625, 460.0], [1984.28125, 460.0, 2182.234375, 530.0]], "3": [[2660.5625, 727.0, 2759.53125, 797.0], [1192.578125, 797.0, 1489.484375, 867.0], [1522.453125, 797.0, 1687.40625, 867.0]], "4": [[862.703125, 797.0, 1390.515625, 867.0]], "5": [[318.390625, 390.0, 714.265625, 460.0]], "6": [[912.1875, 797.0, 1077.140625, 867.0]], "7": [[747.234375, 727.0, 978.15625, 797.0], [1011.140625, 727.0, 1044.140625, 797.0], [1077.109375, 727.0, 1209.078125, 797.0], [1439.984375, 727.0, 1703.90625, 797.0], [1242.0625, 727.0, 1407.015625, 797.0], [1522.453125, 797.0, 1852.359375, 867.0], [1885.328125, 797.0, 1984.3125, 867.0], [2017.28125, 797.0, 2248.21875, 867.0]], "8": [[945.171875, 727.0, 978.171875, 797.0], [1011.140625, 727.0, 1275.0625, 797.0], [1308.046875, 727.0, 1374.03125, 797.0], [1407.0, 727.0, 1802.875, 797.0], [648.28125, 797.0, 1143.109375, 867.0], [1374.015625, 797.0, 1440.0, 867.0], [1472.984375, 797.0, 1637.9375, 867.0], [1670.90625, 797.0, 1802.875, 867.0]], "9": [[615.28125, 460.0, 780.234375, 530.0], [1538.953125, 460.0, 1901.828125, 530.0], [2231.703125, 460.0, 2825.5, 530.0], [1291.546875, 530.0, 1588.453125, 600.0]], "10": [[417.34375, 797.0, 681.265625, 867.0], [714.234375, 797.0, 912.1875, 867.0], [1984.296875, 867.0, 2182.234375, 937.0], [2545.09375, 867.0, 2743.03125, 937.0]]}, "6": {"1": [[1967.796875, 657.0, 2198.734375, 727.0], [2231.703125, 657.0, 2462.640625, 727.0]], "2": [[1786.359375, 727.0, 1819.359375, 797.0], [1852.328125, 727.0, 2116.25, 797.0], [2149.234375, 727.0, 2446.140625, 797.0]], "3": [[1852.34375, 390.0, 1918.328125, 460.0], [1951.3125, 390.0, 2248.21875, 460.0]], "4": [[37.984375, 937.0, 136.953125, 1007.0], [169.9375, 937.0, 466.84375, 1007.0], [499.8125, 937.0, 961.65625, 1007.0]], "5": [[1291.53125, 797.0, 1522.46875, 867.0]], "6": [[1093.609375, 727.0, 1390.515625, 797.0], [1423.5, 727.0, 1621.4375, 797.0], [2710.046875, 727.0, 2809.015625, 797.0], [1192.578125, 797.0, 1357.53125, 867.0], [1390.5, 797.0, 1687.40625, 867.0]], "7": [[1472.984375, 320.0, 1538.96875, 390.0], [1571.9375, 320.0, 1736.890625, 390.0]], "8": [[417.34375, 530.0, 714.25, 600.0], [879.1875, 530.0, 1308.046875, 600.0], [1341.015625, 530.0, 1637.921875, 600.0], [879.1875, 600.0, 1011.140625, 670.0]], "9": [[681.265625, 460.0, 879.203125, 530.0], [912.171875, 460.0, 1077.125, 530.0], [1110.109375, 460.0, 1308.046875, 530.0]], "10": [[351.375, 320.0, 615.28125, 390.0], [1835.84375, 320.0, 2132.75, 390.0], [2165.71875, 320.0, 2231.71875, 390.0], [2264.6875, 320.0, 2528.609375, 390.0]]}, "8": {"1": [[1176.09375, 587.0, 1374.03125, 657.0], [1407.0, 587.0, 1571.953125, 657.0]], "2": [[928.671875, 797.0, 994.65625, 867.0]], "3": [[945.171875, 460.0, 1275.0625, 530.0]], "4": [[1786.359375, 797.0, 2116.25, 867.0], [1324.515625, 937.0, 1390.515625, 1007.0], [1423.484375, 937.0, 1654.421875, 1007.0]], "5": [[2347.15625, 727.0, 2611.078125, 797.0]], "6": [[2248.203125, 657.0, 2512.125, 727.0]], "7": [[1176.078125, 460.0, 1472.984375, 530.0], [1505.96875, 460.0, 1835.859375, 530.0], [1868.84375, 460.0, 2198.734375, 530.0]], "8": [[2347.15625, 390.0, 2644.0625, 460.0], [582.296875, 460.0, 879.203125, 530.0]], "9": [[1341.03125, 867.0, 1637.9375, 937.0]], "10": [[1126.609375, 867.0, 1291.5625, 937.0], [1324.53125, 867.0, 1522.46875, 937.0], [1555.453125, 867.0, 1753.390625, 937.0], [1786.375, 867.0, 1819.375, 937.0], [1852.34375, 867.0, 2050.28125, 937.0], [2083.265625, 867.0, 2248.21875, 937.0]]},