{"2": {"1": [[1143.09375, 587.0, 1275.046875, 657.0], [1505.953125, 587.0, 1670.90625, 657.0], [1703.890625, 587.0, 1868.84375, 657.0]], "2": [[2132.734375, 587.0, 2561.59375, 657.0]], "3": [[1291.546875, 390.0, 1720.40625, 460.0], [1951.3125, 390.0, 2380.171875, 460.0], [1588.4375, 460.0, 1852.359375, 530.0], [1885.328125, 460.0, 2149.25, 530.0], [2182.21875, 460.0, 2380.171875, 530.0]], "4": [[1291.546875, 320.0, 1423.515625, 390.0], [1456.484375, 320.0, 1720.40625, 390.0], [1753.375, 320.0, 2017.296875, 390.0]], "5": [[153.453125, 587.0, 450.359375, 657.0], [1143.09375, 587.0, 1407.015625, 657.0], [1439.984375, 587.0, 1802.875, 657.0], [1835.84375, 587.0, 1868.84375, 657.0], [1901.828125, 587.0, 2264.703125, 657.0], [2297.6875, 587.0, 2462.640625, 657.0], [2495.609375, 587.0, 2726.546875, 657.0]], "6": [[1093.609375, 320.0, 1423.515625, 390.0]], "7": [[1637.921875, 320.0, 1835.859375, 390.0]], "8": [[1703.90625, 320.0, 1967.8125, 390.0]], "9": [[1423.484375, 727.0, 1555.453125, 797.0]], "10": [[318.390625, 727.0, 582.296875, 797.0], [1604.921875, 727.0, 1670.921875, 797.0], [1703.890625, 727.0, 2000.796875, 797.0]]}, "3": {"1": [[846.203125, 320.0, 1011.15625, 390.0], [1044.140625, 320.0, 1341.046875, 390.0], [1538.953125, 320.0, 1637.9375, 390.0], [1670.90625, 320.0, 2000.8125, 390.0]], "2": [[1077.109375, 320.0, 1143.109375, 390.0], [1176.078125, 320.0, 1374.015625, 390.0]], "3": [[928.671875, 320.0, 1027.640625, 390.0]], "4": [[730.75, 320.0, 994.65625, 390.0], [2512.109375, 320.0, 2611.09375, 390.0], [2644.0625, 320.0, 2677.0625, 390.0], [1044.140625, 390.0, 1473.0, 460.0]], "5": [[70.984375, 797.0, 235.9375, 867.0], [268.90625, 797.0, 598.796875, 867.0], [631.78125, 797.0, 895.703125, 867.0], [928.671875, 797.0, 1324.546875, 867.0], [1357.515625, 797.0, 1390.515625, 867.0], [1423.5, 797.0, 1720.40625, 867.0], [1753.375, 797.0, 2017.296875, 867.0], [2050.28125, 797.0, 2347.1875, 867.0], [2380.15625, 797.0, 2578.09375, 867.0], [2380.140625, 867.0, 2545.09375, 937.0], [2578.078125, 867.0, 2842.0, 937.0], [912.1875, 937.0, 1143.109375, 1007.0], [1176.09375, 937.0, 1505.984375, 1007.0]], "6": [[1192.5625, 727.0, 1324.53125, 797.0], [1357.515625, 727.0, 1621.421875, 797.0], [2215.203125, 727.0, 2380.15625, 797.0], [1027.625, 797.0, 1192.578125, 867.0]], "7": [[466.84375, 587.0, 697.765625, 657.0]], "8": [[499.8125, 320.0, 598.796875, 390.0], [631.765625, 320.0, 1093.609375, 390.0], [1258.546875, 320.0, 1324.53125, 390.0], [1357.515625, 320.0, 1522.46875, 390.0], [1555.4375, 320.0, 1621.421875, 390.0], [1654.40625, 320.0, 1885.328125, 390.0]], "9": [[2099.75, 727.0, 2264.703125, 797.0], [2297.6875, 727.0, 2396.65625, 797.0], [2429.640625, 727.0, 2726.546875, 797.0], [2759.515625, 727.0, 2825.5, 797.0], [598.796875, 797.0, 730.75, 867.0], [1654.421875, 797.0, 1852.359375, 867.0], [1885.328125, 797.0, 1984.3125, 867.0], [2017.28125, 797.0, 2281.203125, 867.0]], "10": [[2809.0, 390.0, 2842.0, 460.0], [1126.609375, 460.0, 1258.5625, 530.0], [1291.546875, 460.0, 1357.53125, 530.0], [1390.515625, 460.0, 1522.46875, 530.0], [1555.453125, 460.0, 1753.390625, 530.0]]}, "4": {"1": [[1225.5625, 587.0, 1489.46875, 657.0], [1522.453125, 587.0, 1918.328125, 657.0]], "2": [[153.453125, 390.0, 417.359375, 460.0], [450.34375, 390.0, 648.28125, 460.0], [681.265625, 390.0, 1110.125, 460.0], [1143.09375, 390.0, 1308.046875, 460.0], [1341.03125, 390.0, 1670.921875, 460.0], [1703.890625, 460.0, 2000.796875, 530.0], [2033.78125, 460.0, 2066.78125, 530.0], [2099.75, 460.0, 2396.65625, 530.0], [2429.640625, 460.0, 2627.578125, 530.0], [2660.5625, 460.0, 2726.546875, 530.0], [1192.578125, 530.0, 1522.46875, 600.0], [1555.4375, 530.0, 1687.40625, 600.0]], "3": [[1885.328125, 460.0, 1951.3125, 530.0], [1984.28125, 460.0, 2380.15625, 530.0], [598.78125, 600.0, 763.734375, 670.0], [1720.375, 600.0, 1918.328125, 670.0], [1951.296875, 600.0, 2215.21875, 670.0], [2248.1875, 600.0, 2578.09375, 670.0]], "4": [[1110.109375, 797.0, 1275.0625, 867.0], [1308.03125, 797.0, 1505.96875, 867.0], [1538.953125, 797.0, 1769.875, 867.0]], "5": [[1225.5625, 320.0, 1456.484375, 390.0], [1786.359375, 320.0, 1918.328125, 390.0]], "6": [[1341.03125, 530.0, 1604.9375, 600.0]], "7": [[1291.546875, 320.0, 1786.375, 390.0]], "8": [[565.796875, 657.0, 829.71875, 727.0]], "9": [[1374.015625, 390.0, 1670.921875, 460.0], [1703.890625, 390.0, 1736.890625, 460.0], [1769.875, 390.0, 2165.75, 460.0], [2198.71875, 390.0, 2462.640625, 460.0], [21.5, 390.0, 318.40625, 460.0], [351.375, 390.0, 450.359375, 460.0], [483.328125, 390.0, 582.3125, 460.0], [615.28125, 390.0, 813.21875, 460.0]], "10": [[978.140625, 320.0, 1077.125, 390.0], [1110.09375, 320.0, 1275.046875, 390.0], [1308.03125, 320.0, 1670.90625, 390.0], [1901.8125, 320.0, 2099.765625, 390.0], [2132.734375, 320.0, 2528.609375, 390.0], [56.0, 979.0, 127.171875, 1023.0]]}, "5": {"1": [[1522.453125, 460.0, 1918.328125, 530.0]], "2": [[1522.46875, 727.0, 1786.375, 797.0], [1621.421875, 797.0, 1786.375, 867.0], [1819.34375, 797.0, 1984.296875, 867.0], [2017.28125, 797.0, 2215.21875, 867.0]], "3": [[1703.90625, 727.0, 2000.8125, 797.0], [2033.78125, 727.0, 2132.765625, 797.0], [2264.703125, 727.0, 2495.625, 797.0], [2528.609375, 727.0, 2627.578125, 797.0], [2660.5625, 727.0, 2759.53125, 797.0], [1192.578125, 797.0, 1489.484375, 867.0], [1522.453125, 797.0, 1687.40625, 867.0]], "4": [[2512.109375, 727.0, 2611.078125, 797.0], [862.703125, 797.0, 1390.515625, 867.0], [1423.5, 797.0, 1786.375, 867.0], [1819.359375, 797.0, 2017.296875, 867.0]], "5": [[747.234375, 390.0, 912.1875, 460.0]], "6": [[2000.78125, 390.0, 2165.734375, 460.0], [2198.71875, 390.0, 2231.71875, 460.0], [1604.921875, 460.0, 1769.875, 530.0], [1802.859375, 460.0, 1868.84375, 530.0]], "7": [[730.734375, 390.0, 1192.578125, 460.0], [1456.46875, 390.0, 1621.421875, 460.0], [1654.40625, 390.0, 1918.328125, 460.0]], "8": [[1407.0, 727.0, 1802.875, 797.0], [1835.859375, 727.0, 2165.75, 797.0], [648.28125, 797.0, 1143.109375, 867.0], [1374.015625, 797.0, 1440.0, 867.0], [1472.984375, 797.0, 1637.9375, 867.0], [1670.90625, 797.0, 1802.875, 867.0], [1835.859375, 797.0, 2000.8125, 867.0], [2033.78125, 797.0, 2231.71875, 867.0]], "9": [[1538.953125, 460.0, 1901.828125, 530.0], [1934.8125, 460.0, 2132.75, 530.0], [2231.703125, 460.0, 2825.5, 530.0], [1291.546875, 530.0, 1588.453125, 600.0]], "10": [[384.375, 460.0, 483.34375, 530.0], [516.328125, 460.0, 615.296875, 530.0], [56.0, 1259.0, 127.171875, 1303.0]]}, "6": {"1": [[1967.796875, 657.0, 2198.734375, 727.0], [2231.703125, 657.0, 2462.640625, 727.0], [2495.609375, 657.0, 2528.609375, 727.0], [2561.59375, 657.0, 2858.5, 727.0]], "2": [[1060.609375, 727.0, 1291.546875, 797.0], [1324.515625, 727.0, 1753.375, 797.0], [2149.234375, 727.0, 2446.140625, 797.0]], "3": [[103.96875, 390.0, 367.875, 460.0], [400.859375, 390.0, 664.78125, 460.0], [697.75, 390.0, 730.75, 460.0], [763.734375, 390.0, 1027.640625, 460.0]], "4": [[2116.25, 867.0, 2413.15625, 937.0], [2446.140625, 867.0, 2809.015625, 937.0], [37.984375, 937.0, 136.953125, 1007.0], [169.9375, 937.0, 466.84375, 1007.0], [499.8125, 937.0, 961.65625, 1007.0]], "5": [[1291.53125, 797.0, 1522.46875, 867.0], [1555.4375, 797.0, 1852.34375, 867.0], [1885.328125, 797.0, 2314.1875, 867.0], [2347.15625, 797.0, 2710.046875, 867.0]], "6": [[1044.125, 390.0, 1308.046875, 460.0], [1044.125, 390.0, 1308.046875, 460.0], [1341.015625, 390.0, 1604.9375, 460.0], [2429.625, 390.0, 2528.609375, 460.0], [2561.578125, 390.0, 2792.515625, 460.0], [1110.109375, 460.0, 1407.015625, 530.0], [1439.984375, 460.0, 1769.875, 530.0]],