{"1": {"1": [[1176.078125, 320.0, 1407.015625, 390.0], [1439.984375, 320.0, 1538.96875, 390.0], [1571.9375, 320.0, 1604.9375, 390.0], [1637.921875, 320.0, 1802.875, 390.0], [1835.84375, 320.0, 2132.75, 390.0]], "2": [[1703.890625, 320.0, 1769.890625, 390.0], [1802.859375, 320.0, 2198.734375, 390.0]], "3": [[846.1875, 587.0, 1308.046875, 657.0], [1341.015625, 587.0, 1472.984375, 657.0], [1505.953125, 587.0, 1703.90625, 657.0]], "4": [[235.90625, 727.0, 433.84375, 797.0], [466.828125, 727.0, 763.734375, 797.0], [796.703125, 727.0, 1060.625, 797.0]], "5": [[1258.546875, 587.0, 1357.515625, 657.0], [1390.5, 587.0, 1555.453125, 657.0], [1588.421875, 587.0, 1654.421875, 657.0], [1687.390625, 587.0, 1918.328125, 657.0]], "6": [[1291.53125, 587.0, 1456.484375, 657.0], [1489.46875, 587.0, 1819.359375, 657.0]], "7": [[1093.609375, 320.0, 1324.53125, 390.0], [1357.515625, 320.0, 1621.421875, 390.0]], "8": [[1522.453125, 390.0, 1885.34375, 460.0], [1918.3125, 390.0, 2281.203125, 460.0]], "9": [[186.4375, 320.0, 252.421875, 390.0], [285.390625, 320.0, 483.34375, 390.0], [516.3125, 320.0, 714.25, 390.0], [747.234375, 320.0, 1011.15625, 390.0], [1044.125, 320.0, 1110.109375, 390.0], [1143.09375, 320.0, 1275.0625, 390.0]], "10": [[1275.046875, 587.0, 1341.03125, 657.0], [1374.0, 587.0, 1604.9375, 657.0]]}, "3": {"1": [[846.203125, 320.0, 1011.15625, 390.0], [1044.140625, 320.0, 1341.046875, 390.0]], "2": [[813.203125, 320.0, 1044.140625, 390.0], [1077.109375, 320.0, 1143.109375, 390.0], [1176.078125, 320.0, 1374.015625, 390.0], [1407.0, 320.0, 1472.984375, 390.0], [1505.96875, 320.0, 1637.921875, 390.0], [1670.90625, 320.0, 1868.84375, 390.0], [1901.828125, 320.0, 2099.765625, 390.0]], "3": [[994.65625, 587.0, 1027.65625, 657.0], [1060.625, 587.0, 1291.5625, 657.0], [1324.53125, 587.0, 1522.46875, 657.0], [1555.453125, 587.0, 1654.421875, 657.0], [1687.40625, 587.0, 1885.34375, 657.0]], "4": [[2512.109375, 320.0, 2611.09375, 390.0], [2644.0625, 320.0, 2677.0625, 390.0], [1044.140625, 390.0, 1473.0, 460.0], [1505.96875, 390.0, 1538.96875, 460.0]], "5": [[70.984375, 797.0, 235.9375, 867.0], [268.90625, 797.0, 598.796875, 867.0], [631.78125, 797.0, 895.703125, 867.0], [928.671875, 797.0, 1324.546875, 867.0], [1357.515625, 797.0, 1390.515625, 867.0], [1423.5, 797.0, 1720.40625, 867.0], [2578.078125, 867.0, 2842.0, 937.0], [912.1875, 937.0, 1143.109375, 1007.0]], "6": [[2215.21875, 390.0, 2347.1875, 460.0]], "7": [[466.84375, 587.0, 697.765625, 657.0]], "8": [[499.8125, 320.0, 598.796875, 390.0], [631.765625, 320.0, 1093.609375, 390.0], [1126.59375, 320.0, 1225.5625, 390.0]], "9": [[2561.578125, 390.0, 2660.5625, 460.0], [1802.859375, 460.0, 2000.796875, 530.0], [2033.765625, 460.0, 2132.75, 530.0], [2165.71875, 460.0, 2396.65625, 530.0]], "10": [[1159.578125, 390.0, 1390.515625, 460.0], [1423.484375, 390.0, 1654.421875, 460.0], [1687.390625, 390.0, 1984.296875, 460.0]]}, "4": {"1": [[961.65625, 587.0, 1126.609375, 657.0], [1225.5625, 587.0, 1489.46875, 657.0], [1522.453125, 587.0, 1918.328125, 657.0]], "2": [[450.34375, 390.0, 648.28125, 460.0]], "3": [[928.65625, 600.0, 1159.59375, 670.0], [1720.375, 600.0, 1918.328125, 670.0], [1951.296875, 600.0, 2215.21875, 670.0], [2248.1875, 600.0, 2578.09375, 670.0]], "4": [[1110.109375, 797.0, 1275.0625, 867.0], [1308.03125, 797.0, 1505.96875, 867.0], [1538.953125, 797.0, 1769.875, 867.0]], "5": [[961.65625, 320.0, 1192.578125, 390.0], [1225.5625, 320.0, 1456.484375, 390.0]], "6": [[1637.921875, 867.0, 1901.84375, 937.0]], "7": [[994.640625, 320.0, 1258.5625, 390.0], [1291.546875, 320.0, 1786.375, 390.0]], "8": [[549.296875, 320.0, 846.203125, 390.0]], "9": [[1538.953125, 797.0, 1604.9375, 867.0], [1637.921875, 797.0, 1769.890625, 867.0], [103.96875, 867.0, 136.96875, 937.0], [169.9375, 867.0, 400.875, 937.0], [433.84375, 867.0, 598.796875, 937.0], [631.78125, 867.0, 862.703125, 937.0], [895.6875, 867.0, 1159.59375, 937.0], [1192.578125, 867.0, 1555.453125, 937.0], [1588.4375, 867.0, 1852.359375, 937.0]], "10": [[978.140625, 320.0, 1077.125, 390.0], [1110.09375, 320.0, 1275.046875, 390.0], [1308.03125, 320.0, 1670.90625, 390.0], [1901.8125, 320.0, 2099.765625, 390.0], [2132.734375, 320.0, 2528.609375, 390.0]]}, "5": {"1": [[103.96875, 727.0, 400.875, 797.0]], "2": [[1522.46875, 727.0, 1786.375, 797.0], [1621.421875, 797.0, 1786.375, 867.0], [1819.34375, 797.0, 1984.296875, 867.0], [2017.28125, 797.0, 2215.21875, 867.0]], "3": [[2660.5625, 727.0, 2759.53125, 797.0], [1192.578125, 797.0, 1489.484375, 867.0], [1522.453125, 797.0, 1687.40625, 867.0]], "4": [[136.953125, 390.0, 334.890625, 460.0], [367.859375, 390.0, 466.84375, 460.0], [499.8125, 390.0, 862.703125, 460.0]], "5": [[466.828125, 727.0, 730.75, 797.0], [763.71875, 727.0, 796.71875, 797.0], [829.703125, 727.0, 1126.609375, 797.0], [2182.21875, 727.0, 2479.125, 797.0], [664.765625, 797.0, 1060.625, 867.0]], "6": [[2000.78125, 390.0, 2165.734375, 460.0], [2198.71875, 390.0, 2231.71875, 460.0], [1604.921875, 460.0, 1769.875, 530.0], [1802.859375, 460.0, 1868.84375, 530.0]], "7": [[186.4375, 727.0, 219.4375, 797.0], [252.40625, 727.0, 417.359375, 797.0], [450.34375, 727.0, 714.25, 797.0], [747.234375, 727.0, 978.15625, 797.0], [1011.140625, 727.0, 1044.140625, 797.0], [1077.109375, 727.0, 1209.078125, 797.0], [1242.0625, 727.0, 1407.015625, 797.0], [1439.984375, 727.0, 1703.90625, 797.0], [1060.625, 797.0, 1126.609375, 867.0], [1159.59375, 797.0, 1324.546875, 867.0], [1357.515625, 797.0, 1489.484375, 867.0], [1522.453125, 797.0, 1852.359375, 867.0], [1885.328125, 797.0, 1984.3125, 867.0], [2017.28125, 797.0, 2248.21875, 867.0]], "8": [[945.171875, 727.0, 978.171875, 797.0], [1011.140625, 727.0, 1275.0625, 797.0], [1308.046875, 727.0, 1374.03125, 797.0], [1407.0, 727.0, 1802.875, 797.0], [1835.859375, 727.0, 2165.75, 797.0], [2198.71875, 727.0, 2264.71875, 797.0], [2297.6875, 727.0, 2495.625, 797.0], [2528.609375, 727.0, 2627.578125, 797.0], [648.28125, 797.0, 1143.109375, 867.0], [1176.09375, 797.0, 1209.09375, 867.0], [1242.0625, 797.0, 1341.046875, 867.0], [1374.015625, 797.0, 1440.0, 867.0], [1472.984375, 797.0, 1637.9375, 867.0], [1670.90625, 797.0, 1802.875, 867.0], [1835.859375, 797.0, 2000.8125, 867.0], [2033.78125, 797.0, 2231.71875, 867.0]], "9": [[54.484375, 797.0, 87.484375, 867.0]], "10": [[2231.71875, 460.0, 2396.671875, 530.0], [2429.640625, 460.0, 2561.609375, 530.0], [2594.578125, 460.0, 2759.53125, 530.0], [1275.046875, 530.0, 1604.9375, 600.0]]}, "6": {"1": [[1967.796875, 657.0, 2198.734375, 727.0], [2231.703125, 657.0, 2462.640625, 727.0]], "2": [[1786.359375, 727.0, 1819.359375, 797.0], [1852.328125, 727.0, 2116.25, 797.0]], "3": [[1852.34375, 390.0, 1918.328125, 460.0], [1951.3125, 390.0, 2248.21875, 460.0]], "4": [[37.984375, 937.0, 136.953125, 1007.0], [169.9375, 937.0, 466.84375, 1007.0], [499.8125, 937.0, 961.65625, 1007.0]], "5": [[961.65625, 530.0, 1555.453125, 600.0]], "6": [[2182.234375, 727.0, 2413.15625, 797.0], [2446.140625, 727.0, 2677.0625, 797.0], [2710.046875, 727.0, 2809.015625, 797.0], [1192.578125, 797.0, 1357.53125, 867.0], [1390.5, 797.0, 1687.40625, 867.0]], "7": [[1308.046875, 587.0, 1374.03125, 657.0], [1407.0, 587.0, 1538.96875, 657.0], [1571.953125, 587.0, 1901.84375, 657.0]], "8": [[549.296875, 937.0, 978.15625, 1007.0], [1011.140625, 937.0, 1110.109375, 1007.0]], "9": [[2380.15625, 390.0, 2776.03125, 460.0], [681.265625, 460.0, 879.203125, 530.0], [912.171875, 460.0, 1077.125, 530.0], [1110.109375, 460.0, 1308.046875, 530.0]], "10": [[1011.140625, 320.0, 1176.09375, 390.0], [1209.0625, 320.0, 1538.953125, 390.0], [1571.9375, 320.0, 1802.859375, 390.0], [1835.84375, 320.0, 2132.75, 390.0], [2165.71875, 320.0, 2231.71875, 390.0], [2264.6875, 320.0, 2528.609375, 390.0]]}, "7": {"1": [[1489.46875, 587.0, 1753.390625, 657.0], [1786.375, 587.0, 1984.3125, 657.0]], "2": [[1687.40625, 530.0, 2149.25, 600.0], [2182.234375, 530.0, 2677.0625, 600.0]],