{"1": {"1": [[1176.078125, 320.0, 1407.015625, 390.0]], "2": [[681.25, 587.0, 945.171875, 657.0]], "3": [[846.1875, 587.0, 1308.046875, 657.0]], "4": [[499.8125, 390.0, 730.75, 460.0], [1159.59375, 460.0, 1390.515625, 530.0]], "5": [[1522.453125, 320.0, 1654.421875, 390.0]], "6": [[1489.46875, 587.0, 1819.359375, 657.0]], "7": [[1324.515625, 587.0, 1621.421875, 657.0]], "8": [[1918.3125, 390.0, 2281.203125, 460.0]], "9": [[186.4375, 320.0, 252.421875, 390.0]], "10": [[1159.59375, 320.0, 1225.578125, 390.0]]}, "2": {"1": [[1703.890625, 587.0, 1868.84375, 657.0]], "2": [[780.21875, 587.0, 1143.109375, 657.0], [1604.921875, 587.0, 1637.921875, 657.0]], "3": [[120.46875, 727.0, 219.4375, 797.0], [252.421875, 727.0, 516.328125, 797.0], [549.3125, 727.0, 813.234375, 797.0], [483.328125, 797.0, 747.234375, 867.0]], "4": [[1456.484375, 320.0, 1720.40625, 390.0], [1753.375, 320.0, 2017.296875, 390.0]], "5": [[1786.375, 320.0, 2149.25, 390.0], [2182.234375, 320.0, 2677.0625, 390.0]], "6": [[1093.609375, 320.0, 1423.515625, 390.0]], "7": [[1670.90625, 587.0, 1802.875, 657.0]], "8": [[1753.375, 587.0, 1786.375, 657.0], [1819.34375, 587.0, 2182.234375, 657.0]], "9": [[285.390625, 320.0, 681.265625, 390.0]], "10": [[318.390625, 727.0, 582.296875, 797.0], [1604.921875, 727.0, 1670.921875, 797.0], [1703.890625, 727.0, 2000.796875, 797.0]]}, "3": {"1": [[1093.609375, 587.0, 1324.53125, 657.0], [1852.328125, 587.0, 2050.28125, 657.0]], "2": [[549.296875, 320.0, 615.296875, 390.0], [648.265625, 320.0, 780.234375, 390.0], [1077.109375, 320.0, 1143.109375, 390.0], [1176.078125, 320.0, 1374.015625, 390.0]], "3": [[1555.453125, 587.0, 1654.421875, 657.0]], "4": [[1044.140625, 390.0, 1473.0, 460.0]], "5": [[1951.3125, 460.0, 2116.265625, 530.0], [2149.234375, 460.0, 2545.109375, 530.0]], "6": [[730.75, 390.0, 1027.65625, 460.0], [2215.21875, 390.0, 2347.1875, 460.0], [2380.15625, 390.0, 2611.09375, 460.0]], "7": [[466.84375, 587.0, 697.765625, 657.0]], "8": [[747.234375, 587.0, 1110.125, 657.0], [1143.09375, 587.0, 1242.078125, 657.0], [1275.046875, 587.0, 1374.03125, 657.0], [1407.0, 587.0, 1472.984375, 657.0], [1505.96875, 587.0, 1637.9375, 657.0]], "9": [[1077.109375, 390.0, 1275.046875, 460.0], [1308.03125, 390.0, 1604.9375, 460.0]], "10": [[1670.90625, 727.0, 1835.859375, 797.0], [2099.75, 727.0, 2264.703125, 797.0], [2660.5625, 727.0, 2726.546875, 797.0], [2759.515625, 727.0, 2858.5, 797.0]]}, "5": {"1": [[1522.453125, 460.0, 1918.328125, 530.0]], "2": [[2578.09375, 390.0, 2809.015625, 460.0], [1984.28125, 460.0, 2182.234375, 530.0]], "3": [[1192.578125, 797.0, 1489.484375, 867.0], [1522.453125, 797.0, 1687.40625, 867.0]], "4": [[2380.15625, 390.0, 2611.078125, 460.0], [1423.484375, 460.0, 1720.390625, 530.0]], "5": [[763.71875, 727.0, 796.71875, 797.0], [829.703125, 727.0, 1126.609375, 797.0]], "6": [[912.171875, 390.0, 1143.09375, 460.0], [2000.78125, 390.0, 2165.734375, 460.0], [2198.71875, 390.0, 2231.71875, 460.0], [2330.671875, 390.0, 2528.609375, 460.0], [2561.578125, 390.0, 2693.546875, 460.0], [1604.921875, 460.0, 1769.875, 530.0], [1802.859375, 460.0, 1868.84375, 530.0]], "7": [[747.234375, 727.0, 978.15625, 797.0], [1736.875, 727.0, 2000.796875, 797.0]], "8": [[2380.140625, 390.0, 2446.140625, 460.0], [2479.109375, 390.0, 2842.0, 460.0]], "9": [[1291.546875, 867.0, 1786.375, 937.0], [1324.53125, 937.0, 1555.453125, 1007.0]], "10": [[714.234375, 797.0, 912.1875, 867.0], [400.859375, 867.0, 829.71875, 937.0]]}, "6": {"1": [[1967.796875, 657.0, 2198.734375, 727.0], [2231.703125, 657.0, 2462.640625, 727.0]], "2": [[1852.328125, 727.0, 2116.25, 797.0]], "3": [[1868.84375, 727.0, 1934.828125, 797.0], [1967.8125, 727.0, 2231.71875, 797.0], [2165.71875, 797.0, 2231.71875, 867.0]], "4": [[37.984375, 937.0, 136.953125, 1007.0], [169.9375, 937.0, 466.84375, 1007.0], [499.8125, 937.0, 961.65625, 1007.0]], "5": [[1275.046875, 390.0, 1538.96875, 460.0], [1571.9375, 390.0, 1604.9375, 460.0], [1637.921875, 390.0, 1835.859375, 460.0], [730.75, 460.0, 994.65625, 530.0], [961.65625, 530.0, 1555.453125, 600.0]], "6": [[186.421875, 390.0, 516.328125, 460.0], [1703.890625, 390.0, 1967.8125, 460.0], [2000.78125, 390.0, 2132.75, 460.0], [2165.71875, 390.0, 2396.65625, 460.0]], "7": [[945.171875, 587.0, 1275.0625, 657.0], [1571.953125, 587.0, 1901.84375, 657.0]], "8": [[879.1875, 530.0, 1308.046875, 600.0], [1341.015625, 530.0, 1637.921875, 600.0]], "9": [[681.265625, 460.0, 879.203125, 530.0], [912.171875, 460.0, 1077.125, 530.0], [1110.109375, 460.0, 1308.046875, 530.0]], "10": [[1011.140625, 320.0, 1176.09375, 390.0], [1209.0625, 320.0, 1538.953125, 390.0], [1571.9375, 320.0, 1802.859375, 390.0]]}, "7": {"1": [[1489.46875, 587.0, 1753.390625, 657.0]], "2": [[1687.40625, 530.0, 2149.25, 600.0], [2182.234375, 530.0, 2677.0625, 600.0]], "3": [[1488.953125, 670.0, 1587.9375, 740.0], [1620.90625, 670.0, 1719.890625, 740.0], [1752.859375, 670.0, 1983.796875, 740.0]], "4": [[1720.390625, 937.0, 1885.34375, 1007.0], [1918.328125, 937.0, 2050.28125, 1007.0], [1505.953125, 1007.0, 1802.859375, 1077.0]], "5": [[2380.140625, 867.0, 2611.078125, 937.0], [961.65625, 937.0, 1258.5625, 1007.0], [450.34375, 1007.0, 780.234375, 1077.0]], "6": [[1258.546875, 460.0, 1819.359375, 530.0], [1555.4375, 600.0, 2050.28125, 670.0]], "7": [[70.46875, 670.0, 235.421875, 740.0], [1258.046875, 670.0, 1521.953125, 740.0], [1554.9375, 670.0, 2082.765625, 740.0], [2115.734375, 670.0, 2412.640625, 740.0]], "8": [[153.453125, 390.0, 219.4375, 460.0], [252.40625, 390.0, 516.328125, 460.0], [945.171875, 460.0, 1374.03125, 530.0]], "9": [[2264.703125, 320.0, 2363.671875, 390.0], [2396.65625, 320.0, 2561.609375, 390.0], [2594.578125, 320.0, 2759.53125, 390.0]], "10": [[516.3125, 320.0, 1011.15625, 390.0], [2000.78125, 320.0, 2264.703125, 390.0]]}, "8": {"1": [[1242.0625, 320.0, 1505.96875, 390.0]], "2": [[928.671875, 797.0, 994.65625, 867.0], [1027.640625, 797.0, 1258.5625, 867.0]], "3": [[945.171875, 460.0, 1275.0625, 530.0], [1308.03125, 460.0, 1538.96875, 530.0]], "4": [[1786.359375, 797.0, 2116.25, 867.0], [879.1875, 867.0, 1077.125, 937.0], [1110.109375, 867.0, 1176.09375, 937.0], [1209.078125, 867.0, 1440.0, 937.0], [1901.828125, 867.0, 2330.6875, 937.0], [2363.65625, 867.0, 2561.609375, 937.0], [1324.515625, 937.0, 1390.515625, 1007.0], [1423.484375, 937.0, 1654.421875, 1007.0]], "5": [[2347.15625, 727.0, 2611.078125, 797.0]], "6": [[2149.234375, 657.0, 2215.21875, 727.0], [2248.203125, 657.0, 2512.125, 727.0]], "7": [[2083.25, 390.0, 2215.21875, 460.0], [846.203125, 460.0, 1143.109375, 530.0]], "8": [[2347.15625, 390.0, 2644.0625, 460.0], [582.296875, 460.0, 879.203125, 530.0]], "9": [[1341.03125, 867.0, 1637.9375, 937.0]], "10": [[351.375, 797.0, 582.296875, 867.0], [978.15625, 797.0, 1242.0625, 867.0], [1126.609375, 867.0, 1291.5625, 937.0]]}, "9": {"1": [[1093.609375, 390.0, 1357.53125, 460.0], [1951.296875, 390.0, 2215.21875, 460.0]], "2": [[1110.109375, 1007.0, 1505.984375, 1077.0], [1769.875, 1007.0, 2099.765625, 1077.0]], "3": [[615.28125, 727.0, 846.203125, 797.0], [1077.109375, 727.0, 1308.046875, 797.0], [1637.921875, 727.0, 1868.84375, 797.0], [1901.828125, 727.0, 1967.8125, 797.0], [2000.78125, 727.0, 2363.671875, 797.0], [2396.640625, 727.0, 2693.546875, 797.0], [598.78125, 797.0, 928.671875, 867.0], [1291.53125, 797.0, 1687.40625, 867.0]], "4": [[1901.828125, 390.0, 2099.765625, 460.0], [1192.578125, 460.0, 1390.515625, 530.0]], "5": [[1588.4375, 460.0, 1918.328125, 530.0], [1275.046875, 600.0, 1604.9375, 670.0]], "6": [[829.703125, 390.0, 895.6875, 460.0], [928.65625, 390.0, 1093.609375, 460.0], [1440.0, 460.0, 1769.890625, 530.0]], "7": [[483.328125, 390.0, 813.21875, 460.0]], "8": [[87.46875, 460.0, 153.453125, 530.0], [186.421875, 460.0, 483.328125, 530.0], [978.15625, 530.0, 1275.0625, 600.0], [1308.03125, 530.0, 1703.90625, 600.0], [763.734375, 600.0, 928.6875, 670.0]], "9": [[1571.9375, 797.0, 1967.8125, 867.0], [2000.78125, 797.0, 2132.75, 867.0]],